id,x,y,z,flight
1,101.9892155,2.584082385,46.15801,1
2,101.9892255,2.584165052,46.50274,1
3,101.9892297,2.584243585,47.47637,1
4,101.9892348,2.584322635,49.08086,1
5,101.989243,2.584403494,50.5584,1
6,101.989252,2.58448461,51.12236,1
7,101.9892556,2.584558752,50.93731,1
8,101.989261,2.584638835,50.08135,1
9,101.9892692,2.584719177,48.88262,1
10,101.9892756,2.584792544,47.62627,1
11,101.9892808,2.584038985,46.64336,1
12,101.9892823,2.584874952,45.97344,1
13,101.9892898,2.584119844,46.78887,1
14,101.9892949,2.584217235,47.76494,1
15,101.9893008,2.584281302,49.06768,1
16,101.9893088,2.584357252,50.54375,1
17,101.9893178,2.58443811,51.79717,1
18,101.9893216,2.58451871,51.99102,1
19,101.9893265,2.584594919,51.35332,1
20,101.9893339,2.584671644,50.21807,1
21,101.9893437,2.584751985,49.05596,1
22,101.9893504,2.584827935,47.48272,1
23,101.9893545,2.584072827,47.61357,1
24,101.9893589,2.584144385,47.78496,1
25,101.9893596,2.584866427,46.51592,1
26,101.9893668,2.584234027,48.98125,1
27,101.9893735,2.584313077,50.57109,1
28,101.9893828,2.58439316,52.12822,1
29,101.9893894,2.584468852,52.78789,1
30,101.9893928,2.584546094,52.56963,1
31,101.9894036,2.58462721,51.73906,1
32,101.9894043,2.584706519,50.36992,1
33,101.9894159,2.584783244,49.12481,1
34,101.9894179,2.584829485,47.8582,1
35,101.9894192,2.584028652,48.34014,1
36,101.9894295,2.584109769,48.78594,1
37,101.9894349,2.58419011,49.3582,1
38,101.9894398,2.584269419,50.8333,1
39,101.9894454,2.58434511,52.14043,1
40,101.9894534,2.584423644,53.21123,1
41,101.9894565,2.58450476,53.52324,1
42,101.9894652,2.584583035,52.9334,1
43,101.9894693,2.58466286,51.68682,1
44,101.9894763,2.584742427,50.09746,1
45,101.9894922,2.584054227,49.6624,1
46,101.9895004,2.584222402,51.42949,1
47,101.9895104,2.584299644,53.00664,1
48,101.9895184,2.58437921,53.91631,1
49,101.9895204,2.584460327,54.21904,1
50,101.9895266,2.584539119,53.80547,1
51,101.9895343,2.584611969,52.81426,1
52,101.9895407,2.584695152,50.91387,1
53,101.989561,2.584098402,51.04131,1
54,101.9895723,2.584175902,51.93682,1
55,101.989578,2.584254435,53.20293,1
56,101.9895862,2.584334519,54.15996,1
57,101.9895882,2.584418994,54.74883,1
58,101.9895962,2.584496752,54.2708,1
59,101.9896003,2.584573477,53.25371,1
60,101.989606,2.584651494,51.38213,1
61,101.9896286,2.584049319,51.91582,1
62,101.9896381,2.584148777,52.83721,1
63,101.9896424,2.584210777,53.63066,1
64,101.9896512,2.584289569,54.17607,1
65,101.9896535,2.584370944,54.63994,1
66,101.9896589,2.584449477,54.55254,1
67,101.9896617,2.584529302,53.67754,1
68,101.9896712,2.58457296,52.2835,1
69,101.9896997,2.584082902,53.33477,1
70,101.9897059,2.58416376,53.75859,1
71,101.9897128,2.584496235,53.06133,1
72,101.9897157,2.584243585,54.06231,1
73,101.9897208,2.584322635,53.95147,1
74,101.989728,2.584402977,53.68291,1
75,101.9897426,2.583971302,53.83574,1
76,101.9897442,2.584035369,53.81865,1
77,101.9897871,2.583990935,55.35137,1
78,101.9898097,2.584051902,55.3582,1
79,101.9898415,2.583978019,56.04912,1
80,101.9894971,2.584113483,50.11504,1
81,101.9890863,2.583415885,52.88799,2
82,101.9890961,2.583498035,51.44902,2
83,101.9891056,2.583575793,49.58281,2
84,101.9891161,2.583733118,46.63994,2
85,101.9891228,2.583812427,46.2835,2
86,101.9891708,2.583451018,52.74639,2
87,101.9891778,2.58361041,48.6458,2
88,101.9891821,2.58368946,47.38799,2
89,101.9891855,2.583764118,46.82891,2
90,101.9891958,2.583845235,46.58525,2
91,101.9892019,2.583926094,46.14385,2
92,101.9892089,2.584003852,46.11113,2
93,101.9892338,2.583481502,51.96611,2
94,101.989244,2.583562877,49.83086,2
95,101.98925,2.583640635,48.40947,2
96,101.9892582,2.583719685,47.49541,2
97,101.9892631,2.583800543,47.12139,2
98,101.989269,2.58387701,46.7957,2
99,101.9892726,2.58395916,46.44609,2
100,101.9893065,2.58351586,50.6917,2
101,101.9893139,2.583592327,49.19121,2
102,101.989318,2.583670343,48.38311,2
103,101.9893252,2.583755852,47.74346,2
104,101.9893309,2.583832319,47.31475,2
105,101.9893409,2.583910852,47.39336,2
106,101.9893494,2.583991194,47.44268,2
107,101.9893771,2.58355306,49.71172,2
108,101.9893876,2.583632368,48.8626,2
109,101.9893902,2.583709093,48.40752,2
110,101.9893992,2.583789435,48.15947,2
111,101.9894084,2.583869777,48.20586,2
112,101.9894118,2.583947794,48.20342,2
113,101.9894467,2.583581218,49.61455,2
114,101.9894593,2.583666727,49.40801,2
115,101.989468,2.583742418,49.25127,2
116,101.9894709,2.583820435,49.14238,2
117,101.9894775,2.583901035,49.17217,2
118,101.9894845,2.583979052,49.33867,2
119,101.9895235,2.583619193,50.00615,2
120,101.989532,2.583699277,49.87334,2
121,101.9895366,2.583778327,49.79619,2
122,101.9895433,2.583857894,49.92559,2
123,101.9895513,2.58393746,50.07354,2
124,101.9895579,2.584013927,50.41436,2
125,101.9895921,2.583655877,50.55303,2
126,101.9895995,2.583731052,50.60918,2
127,101.9896062,2.58381036,51.01201,2
128,101.9896134,2.583892769,50.90654,2
129,101.989624,2.583970785,51.48857,2
130,101.9896658,2.583686877,51.38408,2
131,101.9896697,2.583765152,51.49981,2
132,101.9896782,2.583845752,52.11309,2
133,101.9896846,2.583926352,52.40557,2
134,101.9896951,2.584006435,53.07402,2
135,101.9897198,2.583867969,53.23418,2
136,101.989721,2.58379486,52.7332,2
137,101.9897285,2.583709868,52.31035,2
138,101.9897472,2.583898452,53.70049,2
139,101.9897724,2.583756627,53.58672,2
140,101.9897904,2.583917827,55.14775,2
141,101.9898056,2.583847044,54.92754,2
142,101.9898189,2.583774968,54.75225,2
143,101.9898472,2.583832835,55.9876,2
144,101.9898621,2.583761793,55.81719,2
145,101.9899047,2.58381656,57.40899,2
146,101.9899047,2.583888635,57.67656,2
147,101.9899165,2.58374526,57.12041,2
148,101.9899206,2.583951152,57.61016,2
149,101.9899533,2.583867194,58.66533,2
150,101.9899715,2.583909302,58.61602,2
151,101.9900028,2.58379021,60.17656,2
152,101.9900103,2.583866677,59.90459,2
153,101.9900753,2.583759468,62.20586,2
154,101.9900925,2.583825344,61.59404,2
155,101.9901256,2.583786077,62.48613,2
156,101.9899536,2.583794324,58.53301,2
157,101.989839,2.583905438,55.81914,2
158,101.9891711,2.583528879,51.07793,2
159,101.9891046,2.583645344,47.92412,2
160,101.9897569,2.58382602,53.63066,2
161,101.9890832,2.583352593,52.84551,3
162,101.9891585,2.583309452,53.77178,3
163,101.9891667,2.583369127,53.88066,3
164,101.989215,2.583280002,54.26397,3
165,101.9892199,2.583324952,54.22832,3
166,101.9892294,2.583403743,53.51641,3
167,101.98928,2.583278452,54.57647,3
168,101.9892898,2.583355952,53.83574,3
169,101.9892949,2.583435518,52.55107,3
170,101.9893506,2.583236343,54.94707,3
171,101.9893578,2.583314618,54.22246,3
172,101.9893635,2.583394702,52.94902,3
173,101.9893676,2.583470135,51.36992,3
174,101.9894115,2.583187777,54.99736,3
175,101.9894156,2.58326476,54.36357,3
176,101.9894233,2.583347685,53.09697,3
177,101.9894334,2.583424927,51.79229,3
178,101.9894416,2.583501135,50.57598,3
179,101.9894793,2.583167885,54.98809,3
180,101.9894847,2.58322446,54.34111,3
181,101.9894932,2.58330041,53.3919,3
182,101.9895017,2.583383077,52.1165,3
183,101.9895086,2.583456443,51.20293,3
184,101.9895163,2.583538593,50.27422,3
185,101.9895518,2.583178993,54.86943,3
186,101.9895584,2.583254943,53.77422,3
187,101.9895672,2.583339418,52.52861,3
188,101.9895718,2.583415627,51.67315,3
189,101.9895775,2.583493902,51.01934,3
190,101.9895854,2.583574243,50.77715,3
191,101.9896168,2.583130943,55.35283,3
192,101.9896257,2.583214643,54.45342,3
193,101.9896314,2.583291885,53.33037,3
194,101.9896347,2.58337016,52.28887,3
195,101.9896455,2.583448693,51.67852,3
196,101.9896502,2.583530585,51.43438,3
197,101.9896599,2.58360886,51.29473,3
198,101.9896751,2.58317176,54.88115,3
199,101.9896784,2.583267343,53.9002,3
200,101.9896787,2.583219552,54.29277,3
201,101.9896848,2.583452052,52.09551,3
202,101.9896915,2.583327535,53.10674,3
203,101.9896915,2.583394185,52.60137,3
204,101.9896979,2.583522318,51.97637,3
205,101.9897,2.583595168,51.69512,3
206,101.9897329,2.583277418,53.76787,3
207,101.9897359,2.583228852,54.15117,3
208,101.9897408,2.583444043,52.84063,3
209,101.9897449,2.583640635,52.47344,3
210,101.9897791,2.583502427,52.99932,3
211,101.9897799,2.58337016,53.22979,3
212,101.9897912,2.583250552,54.30742,3
213,101.9897914,2.58368791,53.68779,3
214,101.9897973,2.58330971,53.74346,3
215,101.9898158,2.583428802,53.16631,3
216,101.9898158,2.58361971,53.74102,3
217,101.9898243,2.58350191,53.63604,3
218,101.9898338,2.583707543,54.68096,3
219,101.9898451,2.58336551,53.89043,3
220,101.9898451,2.583556935,53.88018,3
221,101.9898508,2.583287235,54.31035,3
222,101.98986,2.583640377,54.86406,3
223,101.9898729,2.583490543,53.93877,3
224,101.9898757,2.583692302,55.50225,3
225,101.9898865,2.583576568,54.78838,3
226,101.9898872,2.58342906,54.08574,3
227,101.9898875,2.583355177,54.31524,3
228,101.9899075,2.58362436,55.7166,3
229,101.9899199,2.58351121,54.77959,3
230,101.9899368,2.583677318,57.12676,3
231,101.9899386,2.583561843,55.66973,3
232,101.9899664,2.583727177,58.56328,3
233,101.9899689,2.583611702,57.15801,3
234,101.9899956,2.583658977,58.75371,3
235,101.9900149,2.583729243,60.11699,3
236,101.9900452,2.583660785,59.96074,3
237,101.9900958,2.583699277,62.14238,3
238,101.9901523,2.583727693,63.51543,3
239,101.989546,2.583137304,55.22393,3
240,101.9897708,2.583571932,52.74541,3
241,101.989693,2.58312371,55.61699,4
242,101.9897429,2.583171502,54.95635,4
243,101.9897606,2.583118543,55.69121,4
244,101.9898138,2.583175635,55.31572,4
245,101.989831,2.583124485,55.81231,4
246,101.9898795,2.583202502,55.16973,4
247,101.9899009,2.583147735,55.77422,4
248,101.989934,2.583446885,54.72149,4
249,101.9899409,2.583240993,55.06524,4
250,101.9899579,2.58337171,55.00029,4
251,101.989964,2.583176927,55.9544,4
252,101.9899723,2.583306093,54.98662,4
253,101.9899771,2.583500102,55.59453,4
254,101.9900013,2.583437585,55.71953,4
255,101.9900093,2.583555127,57.32695,4
256,101.9900139,2.583228852,55.89775,4
257,101.9900172,2.583366543,55.71904,4
258,101.9900326,2.58359801,58.60088,4
259,101.9900337,2.583296793,55.9002,4
260,101.9900547,2.583498552,57.24736,4
261,101.9900624,2.583413043,56.70879,4
262,101.990076,2.58354531,58.55352,4
263,101.990085,2.583603177,60.0042,4
264,101.9900984,2.583349752,56.58818,4
265,101.9901035,2.583155743,57.26641,4
266,101.9901035,2.583444818,57.63213,4
267,101.990123,2.583487702,58.66338,4
268,101.9901331,2.583216968,57.08721,4
269,101.9901331,2.583288785,56.82061,4
270,101.9901341,2.583903877,61.14336,4
271,101.9901364,2.583547118,60.05107,4
272,101.9901397,2.583629785,62.20586,4
273,101.9901523,2.583393927,57.67949,4
274,101.9901685,2.583870294,62.04668,4
275,101.9901731,2.583437843,58.83232,4
276,101.9901754,2.58366001,63.54717,4
277,101.9901814,2.583489768,59.98223,4
278,101.990186,2.583578118,62.31963,4
279,101.9901991,2.58334226,57.85479,4
280,101.9902099,2.583604727,63.68926,4
281,101.9902212,2.583893544,61.80742,4
282,101.990224,2.583389793,58.94707,4
283,101.9902258,2.583161427,58.60772,4
284,101.9902314,2.583704185,64.67637,4
285,101.9902325,2.583522318,62.12822,4
286,101.9902332,2.583277418,58.18535,4
287,101.9902335,2.583442235,60.03691,4
288,101.990234,2.583207668,58.31621,4
289,101.9902461,2.583639602,64.56992,4
290,101.9902533,2.583809327,63.92315,4
291,101.9902569,2.583950377,59.87481,4
292,101.99027,2.583335027,59.02227,4
293,101.9902813,2.583476852,62.15752,4
294,101.9902815,2.583580702,64.73594,4
295,101.9902818,2.583394185,60.02666,4
296,101.9902923,2.583666727,65.98399,4
297,101.9902928,2.583885277,61.82158,4
298,101.9903039,2.583614543,65.98789,4
299,101.9903126,2.583277418,59.27861,4
300,101.9903126,2.583825085,63.68242,4
301,101.9903247,2.583524127,64.61094,4
302,101.9903265,2.583141793,59.6751,4
303,101.9903334,2.583346652,60.30547,4
304,101.9903347,2.583748618,65.7457,4
305,101.9903352,2.583209218,59.48272,4
306,101.9903373,2.583424927,62.15264,4
307,101.9903745,2.583470393,64.59922,4
308,101.9903748,2.583286977,60.36943,4
309,101.9903845,2.583825344,63.80352,4
310,101.9903879,2.58337636,62.43291,4
311,101.990392,2.583763343,65.61094,4
312,101.9904002,2.583217485,60.54619,4
313,101.9904046,2.583153677,60.58428,4
314,101.9904131,2.583425702,64.51524,4
315,101.9904403,2.583327793,62.07891,4
316,101.9904436,2.583674993,67.42246,4
317,101.9904565,2.583359568,63.83281,4
318,101.9904583,2.583165043,61.17461,4
319,101.9904891,2.583274318,62.32207,4
320,101.9905035,2.58320741,62.05107,4
321,101.9900529,2.584014702,57.56133,5
322,101.9900719,2.583953735,59.45635,5
323,101.9901092,2.584020644,57.58525,5
324,101.9901205,2.583943144,60.12969,5
325,101.9901785,2.584017802,57.6292,5
326,101.9901852,2.583956319,59.81133,5
327,101.9902461,2.584008244,57.69072,5
328,101.990319,2.58399481,57.6292,5
329,101.9903221,2.584113902,53.27471,5
330,101.9903327,2.584161694,51.67412,5
331,101.9903329,2.583934102,59.85869,5
332,101.9903578,2.583879594,61.80254,5
333,101.9903861,2.583978794,57.7752,5
334,101.9903879,2.584103052,53.03154,5
335,101.9903974,2.583926869,59.77715,5
336,101.9904061,2.584139735,51.99541,5
337,101.9904228,2.58417926,50.27324,5
338,101.9904351,2.583867969,62.16729,5
339,101.9904544,2.583816818,63.92168,5
340,101.9904585,2.583972077,57.67315,5
341,101.9904626,2.584107185,52.22783,5
342,101.9904685,2.583916277,60.69512,5
343,101.9904696,2.583757402,65.79942,5
344,101.9904891,2.584150327,50.17217,5
345,101.9904983,2.583849369,63.06963,5
346,101.9905071,2.583696693,67.25547,5
347,101.9905225,2.583811393,63.98613,5
348,101.9905297,2.583967944,57.66094,5
349,101.9905346,2.583759727,65.9918,5
350,101.9905415,2.583907494,60.60918,5
351,101.9905554,2.584123977,50.38408,5
352,101.9905723,2.583718393,67.15195,5
353,101.9905965,2.583809843,64.00156,5
354,101.9905995,2.583957094,57.60967,5
355,101.9906067,2.583759468,66.50156,5
356,101.9906072,2.583894577,60.56084,5
357,101.9906144,2.58411416,51.29717,5
358,101.9906429,2.584029944,52.99688,5
359,101.990646,2.58373131,67.02891,5
360,101.9906681,2.58380571,64.20176,5
361,101.9906717,2.58393901,57.74443,5
362,101.9906776,2.58387856,60.7835,5
363,101.9907123,2.583743193,67.12363,5
364,101.9907388,2.583807002,64.10801,5
365,101.9907393,2.583930227,57.78594,5
366,101.990748,2.583878819,61.04619,5
367,101.9907485,2.584022969,53.68828,5
368,101.9907824,2.583759985,66.7418,5
369,101.9908115,2.583940302,57.70928,5
370,101.9908184,2.583820177,64.08652,5
371,101.9908212,2.583888377,60.86406,5
372,101.9908366,2.584225502,57.71904,5
373,101.9908502,2.583773935,66.71543,5
374,101.9908644,2.584162727,57.78057,5
375,101.9908782,2.583969752,57.74639,5
376,101.9908811,2.583832319,64.30235,5
377,101.9908916,2.583900519,61.01445,5
378,101.9908919,2.584282077,62.65744,5
379,101.9908996,2.584098144,58.39173,5
380,101.9909165,2.584026585,57.76055,5
381,101.9909219,2.583793052,66.84238,5
382,101.9909229,2.584218269,62.44756,5
383,101.9909463,2.58414826,61.45293,5
384,101.9909484,2.583845752,64.36582,5
385,101.9909697,2.584081094,61.3958,5
386,101.9909707,2.584282594,65.73399,5
387,101.9909923,2.583792018,67.27695,5
388,101.9909969,2.58421801,66.02305,5
389,101.9910018,2.584015735,61.89287,5
390,101.9910203,2.583851694,65.12656,5
391,101.9910205,2.584148777,65.48301,5
392,101.9910223,2.583945469,61.55791,5
393,101.9910467,2.58408316,65.44981,5
394,101.9910527,2.583797443,68.56309,5
395,101.9910758,2.584012119,66.18571,5
396,101.9910853,2.583886052,64.87363,5
397,101.9911102,2.583948052,65.64024,5
398,101.9906943,2.58421313,51.32647,5
399,101.9909598,2.583916331,61.50664,5
400,101.9908069,2.584097061,54.1751,5
401,101.9893902,2.584939536,44.93975,6
402,101.9894483,2.584943411,44.8709,6
403,101.9894786,2.584866685,46.97051,6
404,101.9895191,2.584940311,44.97149,6
405,101.9895374,2.584853769,47.10723,6
406,101.9895551,2.584792802,48.68047,6
407,101.9895839,2.584918352,45.40801,6
408,101.9896001,2.584821477,47.25518,6
409,101.9896101,2.584756119,48.86602,6
410,101.9896198,2.584982161,43.94121,6
411,101.9896512,2.584887352,45.34941,6
412,101.989662,2.584785052,47.16191,6
413,101.9896692,2.584939277,43.91289,6
414,101.9896697,2.584715044,49.10674,6
415,101.9896805,2.584662085,50.45977,6
416,101.9896997,2.584991977,43.34893,6
417,101.9897097,2.58484421,45.03594,6
418,101.9897164,2.584885802,44.22393,6
419,101.9897221,2.584744235,47.01445,6
420,101.9897313,2.584616619,50.05596,6
421,101.9897449,2.584949094,42.9417,6
422,101.9897616,2.584797969,44.74932,6
423,101.9897706,2.584692569,46.98809,6
424,101.9897724,2.584561852,49.99248,6
425,101.989785,2.584881669,42.93047,6
426,101.9897883,2.58442261,52.5418,6
427,101.9898102,2.584740619,44.80547,6
428,101.989811,2.584359319,52.32305,6
429,101.9898148,2.584502435,49.91191,6
430,101.9898184,2.58463651,46.81524,6
431,101.9898464,2.58467991,44.58184,6
432,101.9898485,2.584203544,53.91875,6
433,101.9898505,2.58443656,50.16826,6
434,101.9898549,2.584577094,46.80693,6
435,101.9898603,2.58430481,52.17315,6
436,101.9898626,2.584772394,43.00029,6
437,101.9898826,2.584622044,44.59893,6
438,101.9898908,2.584515869,46.91191,6
439,101.9898942,2.584384119,49.93731,6
440,101.9898973,2.58470471,43.34795,6
441,101.989908,2.58419476,53.77666,6
442,101.9899152,2.58409866,55.78887,6
443,101.9899199,2.584267869,52.04424,6
444,101.989924,2.584558235,44.35088,6
445,101.9899296,2.584643485,43.27861,6
446,101.9899348,2.584458002,47.64873,6
447,101.9899553,2.584340202,49.94414,6
448,101.9899661,2.584502694,44.59307,6
449,101.9899694,2.584584585,43.40361,6
450,101.9899751,2.584175385,53.87725,6
451,101.9899807,2.584100469,55.80059,6
452,101.9899856,2.584412277,47.78887,6
453,101.9899859,2.584240744,52.38897,6
454,101.9900159,2.584307652,50.18535,6
455,101.990019,2.584456452,45.06279,6
456,101.990019,2.584513285,44.09209,6
457,101.9900421,2.584160402,53.7791,6
458,101.9900491,2.584099177,55.98906,6
459,101.9900519,2.584388252,47.3499,6
460,101.9900542,2.584216977,51.94854,6
461,101.9900861,2.584432944,45.31328,6
462,101.9900881,2.584285177,50.27959,6
463,101.9901123,2.584141544,53.68486,6
464,101.9901238,2.584369135,47.1209,6
465,101.9901308,2.584195794,51.88115,6
466,101.9901377,2.584416927,45.55547,6
467,101.9901554,2.584260377,50.24199,6
468,101.9901785,2.584127335,53.6165,6
469,101.9901919,2.58418081,51.7874,6
470,101.9901929,2.584344594,47.23076,6
471,101.9902204,2.584383085,46.10527,6
472,101.9902225,2.584246685,50.11504,6
473,101.9902533,2.584119327,53.3084,6
474,101.9902571,2.584322635,47.76006,6
475,101.990263,2.584168669,51.69024,6
476,101.9902931,2.584228602,49.98223,6
477,101.990318,2.584283369,47.7874,6
478,101.9903586,2.584204835,50.08965,6
479,101.9903789,2.584244619,48.93145,6
480,101.9898218,2.58482812,43.7707,6
481,101.990055,2.584725119,43.50176,7
482,101.9900948,2.584792027,44.76006,7
483,101.9901272,2.584608094,44.0374,7
484,101.990129,2.584730544,45.00908,7
485,101.9901528,2.584795644,46.46172,7
486,101.9901775,2.58468146,45.24981,7
487,101.9901783,2.58455746,44.5335,7
488,101.9901888,2.584733644,46.68975,7
489,101.9901924,2.584814244,47.14678,7
490,101.9902171,2.584614294,45.46318,7
491,101.9902214,2.584749402,47.41533,7
492,101.9902314,2.584497269,44.98272,7
493,101.9902502,2.584785827,48.52178,7
494,101.9902569,2.584685077,47.57451,7
495,101.9902584,2.584561335,45.87432,7
496,101.9902908,2.584623594,47.55938,7
497,101.9902921,2.58479151,48.94463,7
498,101.9903054,2.584503727,45.84746,7
499,101.9903149,2.584723052,49.00615,7
500,101.9903347,2.584567277,47.76787,7
501,101.9903398,2.584668027,49.04082,7
502,101.9903437,2.58480391,50.21123,7
503,101.9903455,2.584449735,46.0374,7
504,101.9903689,2.584502952,47.61846,7
505,101.990372,2.584738552,50.41533,7
506,101.9903766,2.584592852,49.01104,7
507,101.9904017,2.58467061,50.30645,7
508,101.9904102,2.584801844,51.58525,7
509,101.9904149,2.584424419,47.75908,7
510,101.990421,2.584604477,50.29766,7
511,101.9904318,2.584732352,51.60137,7
512,101.9904403,2.58437921,47.95928,7
513,101.9904431,2.58453421,50.45781,7
514,101.9904464,2.584880377,52.33232,7
515,101.9904565,2.584663635,51.70977,7
516,101.9904606,2.584810369,52.6624,7
517,101.9904714,2.584467819,50.48174,7
518,101.9904775,2.584596469,52.02373,7
519,101.9904816,2.58432961,48.27324,7
520,101.9904958,2.584528269,52.49004,7
521,101.990497,2.584908277,53.59258,7
522,101.9905027,2.584407369,50.4959,7
523,101.9905035,2.584835944,53.52715,7
524,101.9905114,2.584762577,53.76641,7
525,101.9905117,2.584689727,53.47832,7
526,101.9905184,2.584619977,53.40996,7
527,101.9905312,2.584549452,53.44561,7
528,101.990541,2.584342269,51.07744,7
529,101.990542,2.584280527,49.16582,7
530,101.9905446,2.584915252,55.07061,7
531,101.9905528,2.584701094,55.01982,7
532,101.9905556,2.584481252,53.46465,7
533,101.9905566,2.58477601,55.1917,7
534,101.9905587,2.584848602,55.25713,7
535,101.9905664,2.58462101,55.24297,7
536,101.990571,2.58432961,51.24541,7
537,101.9905787,2.58455436,55.67315,7
538,101.9905826,2.584414344,53.43096,7
539,101.9905849,2.584286727,50.67559,7
540,101.9906003,2.58448616,55.75225,7
541,101.9906052,2.584909052,56.15654,7
542,101.9906126,2.584839302,56.13164,7
543,101.9906129,2.584770069,56.82647,7
544,101.9906165,2.584368619,53.58281,7
545,101.9906247,2.58443191,55.66777,7
546,101.990626,2.584617394,57.58184,7
547,101.9906283,2.58455901,57.69414,7
548,101.9906342,2.584697477,57.61406,7
549,101.9906399,2.584245394,50.85234,7
550,101.9906558,2.584308169,53.30498,7
551,101.9906668,2.584898719,57.75713,7
552,101.9906699,2.584825094,58.05889,7
553,101.9906951,2.584704452,60.14824,7
554,101.9907239,2.584774977,59.76104,7
555,101.9907349,2.584897169,59.94805,7
556,101.9907398,2.584839044,60.08916,7
557,101.9907871,2.584904919,61.95781,7
558,101.990805,2.584848602,62.4207,7
559,101.9900167,2.584797707,43.01592,7
560,101.9899034,2.584985777,41.30547,8
561,101.989916,2.584930236,41.46953,8
562,101.9899481,2.585055527,41.48516,8
563,101.9899574,2.584894327,41.90166,8
564,101.9899818,2.585099702,42.2625,8
565,101.9899823,2.584972086,41.78057,8
566,101.9900234,2.584935661,42.65361,8
567,101.9900516,2.585001019,42.63066,8
568,101.9900799,2.585110552,44.67022,8
569,101.9900819,2.584860744,44.56963,8
570,101.9900956,2.584931527,44.48418,8
571,101.9901279,2.584993527,44.53203,8
572,101.9901331,2.585067152,44.60234,8
573,101.9901392,2.584867202,46.06914,8
574,101.9901564,2.584936436,45.97149,8
575,101.9901832,2.584889419,46.67363,8
576,101.9901893,2.584957877,46.45342,8
577,101.9902024,2.585101252,46.68828,8
578,101.9902055,2.585026852,46.44902,8
579,101.9902394,2.584854544,48.40947,8
580,101.9902445,2.584927652,48.37334,8
581,101.9902597,2.584997661,48.20781,8
582,101.9902643,2.585071286,48.28496,8
583,101.9902818,2.585142586,49.31182,8
584,101.9902828,2.584861519,48.92559,8
585,101.9902851,2.584935402,48.90215,8
586,101.9902967,2.585006186,48.76348,8
587,101.9903121,2.585072577,49.25127,8
588,101.9903252,2.585141811,49.89336,8
589,101.9903352,2.58487521,50.00713,8
590,101.9903481,2.584943669,50.12285,8
591,101.9903704,2.585014452,50.346,8
592,101.9903786,2.585084719,50.47881,8
593,101.9903961,2.584868752,51.37774,8
594,101.990402,2.584942119,51.4876,8
595,101.9904059,2.585151627,51.66875,8
596,101.9904161,2.585004636,51.51738,8
597,101.9904282,2.585084719,51.90215,8
598,101.9904524,2.584947802,52.52324,8
599,101.9904536,2.585149561,52.82842,8
600,101.9904796,2.585047261,53.69951,8
601,101.9904893,2.585121919,54.08232,8
602,101.9904919,2.584978544,53.56768,8
603,101.9905114,2.585161961,54.5457,8
604,101.9905243,2.585050619,55.07061,8
605,101.9905338,2.585132252,55.23467,8
606,101.9905353,2.584987069,55.11211,8
607,101.9905731,2.585050877,56.56084,8
608,101.9905772,2.585182886,56.18096,8
609,101.9905862,2.584977769,56.2791,8
610,101.9905864,2.585119852,56.91875,8
611,101.9906175,2.585188052,57.2918,8
612,101.9906283,2.585035119,57.97393,8
613,101.9906329,2.585108486,58.1668,8
614,101.9906473,2.584966661,58.29326,8
615,101.9906643,2.585172552,58.68779,8
616,101.9906992,2.585037444,60.01104,8
617,101.9907023,2.585228352,59.71416,8
618,101.9907054,2.585104869,60.40215,8
619,101.9907128,2.584960461,60.0418,8
620,101.9907272,2.585168161,60.09356,8
621,101.9907616,2.585235327,61.58721,8
622,101.9907683,2.584972344,62.03106,8
623,101.9907729,2.585059661,62.37285,8
624,101.9907801,2.585117786,62.35283,8
625,101.9908012,2.585185211,62.64922,8
626,101.9908251,2.585250827,63.60479,8
627,101.990833,2.584996886,64.60996,8
628,101.9908351,2.585067411,64.7086,8
629,101.9908451,2.584945736,64.71152,8
630,101.9908554,2.585135094,64.99375,8
631,101.9908785,2.585201744,65.30723,8
632,101.9908883,2.585255736,65.7916,8
633,101.9908906,2.585047002,66.70664,8
634,101.9909091,2.585091436,66.89512,8
635,101.9909345,2.585161702,67.17832,8
636,101.9909371,2.585234294,67.39219,8
637,101.990945,2.585295002,67.82285,8
638,101.9900266,2.585063999,42.28838,8
639,101.9900085,2.584868962,42.81524,8
640,101.9906889,2.584455935,57.60967,9
641,101.9907162,2.584404269,57.58867,9
642,101.9907377,2.584600344,61.72734,9
643,101.9907449,2.584657952,61.26494,9
644,101.9907503,2.584530077,61.73955,9
645,101.9907593,2.584345369,57.54229,9
646,101.9907793,2.584467044,61.55254,9
647,101.9908037,2.584291119,57.98516,9
648,101.9908171,2.584404527,61.61162,9
649,101.9908436,2.584615327,65.88926,9
650,101.9908546,2.584546352,65.87949,9
651,101.9908549,2.584686369,65.90684,9
652,101.9908567,2.58434356,62.71318,9
653,101.9908813,2.584476344,66.00449,9
654,101.990888,2.584754827,65.90195,9
655,101.9909104,2.584823802,66.05625,9
656,101.9909106,2.584412794,65.7584,9
657,101.9909147,2.584943152,66.5416,9
658,101.990916,2.584895619,66.6461,9
659,101.9909412,2.584351052,65.92344,9
660,101.9910375,2.584656144,72.59727,9
661,101.9910414,2.584578902,72.93711,9
662,101.9910434,2.584725894,72.54746,9
663,101.9910437,2.585001794,71.79063,9
664,101.9910491,2.584931269,72.4459,9
665,101.9910542,2.585072319,71.74473,9
666,101.9910555,2.58450786,73.05137,9
667,101.9910665,2.585141811,71.70664,9
668,101.9910729,2.584438369,72.86485,9
669,101.9910812,2.584866169,72.84629,9
670,101.9910884,2.584934627,72.95469,9
671,101.9910917,2.585213627,71.76133,9
672,101.9910938,2.584371719,72.86973,9
673,101.9910989,2.585005152,73.32383,9
674,101.9911117,2.585078261,73.36485,9
675,101.9911122,2.58430481,72.74766,9
676,101.9911238,2.584607835,75.93711,9
677,101.9911279,2.584536794,75.89707,9
678,101.9911292,2.584681719,75.88535,9
679,101.9911343,2.584753277,75.81895,9
680,101.9911374,2.584234802,72.82383,9
681,101.9911392,2.585243336,71.99277,9
682,101.99114,2.585150336,73.29551,9
683,101.9911405,2.584467819,75.93027,9
684,101.9911467,2.584823027,75.71738,9
685,101.9911559,2.584399619,75.80625,9
686,101.9911618,2.584169702,72.69395,9
687,101.9911698,2.583699277,77.04063,9
688,101.9911744,2.584965627,75.79649,9
689,101.991179,2.584328577,75.87266,9
690,101.991179,2.585194769,73.54063,9
691,101.9911819,2.584097885,71.80332,9
692,101.9911826,2.585035894,75.76817,9
693,101.9911947,2.584035369,71.65391,9
694,101.9912011,2.584703677,77.91563,9
695,101.9912019,2.584263994,76.0543,9
696,101.9912027,2.58463186,78.14121,9
697,101.9912073,2.585102027,75.86875,9
698,101.9912083,2.584560044,78.5836,9
699,101.991216,2.583738802,76.17051,9
700,101.9912186,2.584488485,78.33652,9
701,101.9912237,2.584190627,76.12266,9
702,101.9912273,2.58484111,78.40586,9
703,101.9912312,2.584418219,78.44492,9
704,101.9912386,2.584912411,77.93906,9
705,101.9912479,2.58434666,78.63047,9
706,101.9912525,2.584127335,76.70274,9
707,101.9912556,2.584983711,78.32578,9
708,101.9912612,2.585151886,75.87949,9
709,101.9912648,2.583789693,76.17051,9
710,101.9912748,2.58405836,76.70762,9
711,101.9912784,2.584282335,79.21836,9
712,101.9912864,2.585047002,78.03086,9
713,101.9912968,2.583991926,76.6461,9
714,101.9913,2.583851435,77.47129,9
715,101.9913118,2.583921444,76.46641,9
716,101.9913324,2.585100736,77.98399,9
717,101.9910639,2.584792902,72.62754,9
718,101.9911609,2.584894843,75.76817,9
719,101.9912107,2.584772563,78.03086,9
720,101.9914321,2.585362944,71.34824,10
721,101.9914369,2.584933852,83.0416,10
722,101.9914624,2.585167644,77.77988,10
723,101.9914719,2.585299652,73.72129,10
724,101.9914832,2.584833877,84.775,10
725,101.991485,2.585083944,80.82383,10
726,101.9914883,2.584981386,83.0582,10
727,101.9915011,2.585387486,71.29551,10
728,101.9915253,2.584891485,84.90391,10
729,101.9915291,2.585186761,77.85899,10
730,101.9915358,2.585327036,74.27793,10
731,101.9915492,2.585112361,80.77793,10
732,101.9915556,2.585260127,76.28867,10
733,101.9915574,2.585022461,83.05137,10
734,101.9915659,2.585416677,71.29063,10
735,101.9915746,2.585195027,77.85899,10
736,101.9915772,2.584852735,85.48496,10
737,101.9915787,2.584936694,84.63438,10
738,101.9916054,2.585351836,74.15488,10
739,101.9916137,2.585051136,82.96934,10
740,101.9916175,2.585137161,81.01621,10
741,101.9916221,2.585279502,75.95957,10
742,101.9916322,2.585447161,72.14414,10
743,101.9916386,2.584972861,84.72324,10
744,101.9916391,2.58489226,85.39902,10
745,101.9916722,2.585380511,73.96738,10
746,101.9916815,2.585069736,83.1002,10
747,101.9916851,2.585151886,81.05723,10
748,101.9916899,2.584848344,85.65391,10
749,101.9916905,2.585304044,76.12461,10
750,101.9916946,2.585476352,71.58164,10
751,101.9917092,2.584978286,84.85801,10
752,101.9917215,2.585242561,78.90586,10
753,101.9917352,2.585409186,74.27598,10
754,101.9917423,2.585139744,81.41758,10
755,101.9917524,2.585063536,83.1627,10
756,101.9917544,2.584841369,85.63242,10
757,101.9917583,2.585330652,76.42832,10
758,101.991765,2.585214661,79.88535,10
759,101.9917678,2.585496244,71.93027,10
760,101.9917693,2.584877535,85.34141,10
761,101.991777,2.584954002,84.83457,10
762,101.9917845,2.585251344,78.88731,10
763,101.9917983,2.585028661,83.40488,10
764,101.991804,2.585430369,74.19004,10
765,101.991814,2.584833877,85.4293,10
766,101.9918179,2.585182369,81.17246,10
767,101.9918281,2.584915769,84.87461,10
768,101.9918292,2.585354677,76.15391,10
769,101.9918456,2.585259611,79.04356,10
770,101.9918487,2.585106677,82.24766,10
771,101.9918638,2.585033311,83.20762,10
772,101.9918656,2.585448969,74.56406,10
773,101.9918772,2.585191927,81.03086,10
774,101.9918934,2.585370177,76.81113,10
775,101.9918965,2.584943411,84.37168,10
776,101.9919021,2.585266327,79.51328,10
777,101.991908,2.584871077,85.01817,10
778,101.9919083,2.585109002,82.41367,10
779,101.9919211,2.584992236,83.98789,10
780,101.991926,2.585193219,81.12266,10
781,101.9919389,2.584913702,85.0416,10
782,101.9911682,2.585307402,71.42344,10
783,101.9912379,2.585221894,73.2291,10
784,101.9912394,2.585313602,71.28281,10
785,101.9912962,2.585323936,71.40488,10
786,101.9913134,2.584866427,80.70957,10
787,101.9913239,2.585178752,75.62363,10
788,101.9913352,2.584933336,80.71543,10
789,101.9913488,2.585270977,73.62168,10
790,101.991365,2.585341761,71.52598,10
791,101.9913727,2.584995594,80.78574,10
792,101.9913922,2.585204069,75.4586,10
793,101.9913956,2.585140519,77.84629,10
794,101.9914064,2.584866944,82.94297,10
795,101.9914138,2.585271236,73.81016,10
796,101.9914231,2.585044677,81.28281,10
797,101.9917074,2.584896768,85.25059,10
798,101.9914297,2.584517419,83.65391,11
799,101.9914395,2.584446635,83.50449,11
800,101.9914462,2.58437456,83.62266,11
801,101.9914611,2.584662344,84.99082,11
802,101.9914744,2.584761285,85.01426,11
803,101.9914911,2.584594402,84.82969,11
804,101.9914927,2.584691535,85.03184,11
805,101.991494,2.584533952,84.93711,11
806,101.9914958,2.584461102,84.53281,11
807,101.9915011,2.584392127,84.64317,11
808,101.9915356,2.58462876,84.98496,11
809,101.9915374,2.584419252,84.65977,11
810,101.9915425,2.58454506,84.93613,11
811,101.9915438,2.584788152,85.56797,11
812,101.9915492,2.584719435,85.53965,11
813,101.9915497,2.584485385,84.81602,11
814,101.9915911,2.584658727,85.6666,11
815,101.9915962,2.584592077,85.28672,11
816,101.9916003,2.584528527,85.01621,11
817,101.991606,2.584432427,84.59629,11
818,101.9916255,2.584482802,84.73203,11
819,101.9916255,2.58474191,85.80332,11
820,101.9916273,2.584812177,85.81309,11
821,101.9916463,2.584396777,84.09434,11
822,101.9916655,2.58409866,81.19395,11
823,101.9916658,2.584639094,85.60313,11
824,101.9916671,2.584578902,85.21836,11
825,101.9916686,2.584539894,85.11973,11
826,101.9916781,2.584457485,84.00938,11
827,101.9916807,2.584354152,83.57188,11
828,101.9916946,2.584733385,85.88828,11
829,101.9917072,2.584159627,81.1666,11
830,101.9917226,2.584409694,83.4586,11
831,101.9917285,2.584513802,84.1002,11
832,101.9917305,2.58466441,85.53867,11
833,101.9917341,2.584601894,85.0709,11
834,101.9917372,2.584787119,85.63828,11
835,101.9917459,2.584087035,79.69199,11
836,101.9917475,2.584218269,81.29453,11
837,101.9917657,2.584468077,83.1334,11
838,101.9917801,2.584553844,83.95664,11
839,101.9917804,2.584281302,81.35801,11
840,101.9917822,2.584716077,85.26719,11
841,101.9917847,2.584141802,79.79649,11
842,101.9917924,2.584643744,84.89414,11
843,101.9918022,2.584024777,78.05918,11
844,101.9918127,2.584522585,83.15977,11
845,101.9918161,2.58434356,81.45371,11
846,101.9918209,2.584203544,79.70176,11
847,101.9918209,2.584773169,85.40879,11
848,101.9918335,2.58469851,84.76817,11
849,101.9918361,2.584082902,78.02305,11
850,101.9918379,2.584603185,84.20567,11
851,101.9918484,2.583975435,77.33652,11
852,101.9918556,2.584405044,81.62266,11
853,101.991859,2.584263477,79.52207,11
854,101.9918651,2.584658469,84.46641,11
855,101.9918741,2.58414671,78.04649,11
856,101.9918872,2.58396071,77.2584,11
857,101.9918872,2.584056294,77.15684,11
858,101.9918934,2.58445826,81.98496,11
859,101.9918952,2.584327027,80.22715,11
860,101.9919237,2.584524394,82.92442,11
861,101.9919463,2.583958902,77.42735,11
862,101.991955,2.583899227,77.70567,11
863,101.9912936,2.584580194,80.51719,11
864,101.9912975,2.584722535,80.62461,11
865,101.9913021,2.58450786,80.50547,11
866,101.9913023,2.584792544,80.76133,11
867,101.9913072,2.584436044,80.73985,11
868,101.9913586,2.584680427,82.79942,11
869,101.9913648,2.584536535,82.81699,11
870,101.9913712,2.584466785,82.94297,11
871,101.9913817,2.584382052,83.0875,11
872,101.9913863,2.58472641,83.14512,11
873,101.991393,2.58479616,83.05235,11
874,101.9914002,2.584656402,83.1666,11
875,101.9914202,2.58458691,83.44004,11
876,101.991361,2.584608759,82.73887,11
877,101.9912936,2.584649574,80.55235,11
878,101.9914297,2.584041052,82.61094,12
879,101.9914413,2.583969494,82.1207,12
880,101.9914511,2.584302485,83.32188,12
881,101.9914531,2.583913435,81.9957,12
882,101.9914557,2.58423041,83.53184,12
883,101.9914611,2.584158335,83.34727,12
884,101.9914729,2.584087552,83.44492,12
885,101.9914878,2.584017027,83.08945,12
886,101.9915017,2.584225568,83.78086,12
887,101.9915058,2.58416686,83.53184,12
888,101.9915202,2.58428001,83.98301,12
889,101.991532,2.584079027,83.25352,12
890,101.9915351,2.584326252,84.1041,12
891,101.9915387,2.583823535,82.63145,12
892,101.9915402,2.583885794,82.23692,12
893,101.9915433,2.583751718,83.03574,12
894,101.9915438,2.584148519,83.39707,12
895,101.9915551,2.583679643,83.14317,12
896,101.9915695,2.583612218,83.1832,12
897,101.9915769,2.584257535,83.53281,12
898,101.9915808,2.584212327,83.33652,12
899,101.9915867,2.583901552,81.31699,12
900,101.9915887,2.583833094,81.57969,12
901,101.9915934,2.583542985,83.07481,12
902,101.9915962,2.583974144,81.14024,12
903,101.9916013,2.583759727,81.4332,12
904,101.9916021,2.584337619,84.21445,12
905,101.9916147,2.583486668,83.12852,12
906,101.9916229,2.583692043,81.6041,12
907,101.9916378,2.58381501,80.71543,12
908,101.9916381,2.584297835,83.54551,12
909,101.9916391,2.58363366,81.88438,12
910,101.9916581,2.583563652,81.97617,12
911,101.9916766,2.583879852,79.82969,12
912,101.991682,2.583682485,80.5211,12
913,101.991693,2.583622035,80.90195,12
914,101.9916971,2.58381346,79.63535,12
915,101.99171,2.58349726,82.08945,12
916,101.991712,2.584015219,79.27988,12
917,101.9917179,2.583741902,79.57578,12
918,101.9917359,2.583679385,79.98106,12
919,101.9917477,2.583572177,81.01426,12
920,101.9917593,2.583886569,78.45957,12
921,101.9917624,2.583811135,78.66856,12
922,101.9917714,2.583492093,81.98887,12
923,101.9917768,2.583764635,78.81797,12
924,101.9917768,2.583953219,78.33555,12
925,101.991787,2.583643993,80.01035,12
926,101.991812,2.583581735,80.66172,12
927,101.991832,2.583829735,77.99766,12
928,101.9918405,2.583898969,77.65781,12
929,101.9918407,2.583494418,81.90391,12
930,101.9918425,2.583731052,78.90977,12
931,101.99186,2.58365071,79.77695,12
932,101.9918836,2.583891994,77.57871,12
933,101.9918844,2.583589743,80.67051,12
934,101.9918857,2.58379796,78.14121,12
935,101.9919152,2.583743193,78.80918,12
936,101.9919245,2.583855052,77.86094,12
937,101.9919288,2.583653293,80.08945,12
938,101.9919414,2.583603693,81.10117,12
939,101.9919432,2.583795635,78.54356,12
940,101.9919615,2.583697985,79.81211,12
941,101.9919679,2.58364296,80.39414,12
942,101.9913154,2.58436526,80.50059,12
943,101.9913244,2.584297835,80.52305,12
944,101.9913326,2.584225244,80.52402,12
945,101.9913442,2.584153944,80.50059,12
946,101.9913594,2.584084969,80.40098,12
947,101.9913678,2.583817593,80.02402,12
948,101.9913748,2.584014702,80.23594,12
949,101.9913868,2.584322119,83.07481,12
950,101.9913894,2.583871585,79.88438,12
951,101.991391,2.583942627,80.04942,12
952,101.9913915,2.584253144,83.03184,12
953,101.9914005,2.584180294,82.87754,12
954,101.9914138,2.584113385,82.76426,12
955,101.9916859,2.5839529,79.45567,12
956,101.9916317,2.584036084,81.14902,12
957,101.9916601,2.583750561,80.26524,12
958,101.9915556,2.582750418,85.25156,13
959,101.9915893,2.58281526,85.41563,13
960,101.9916221,2.582877518,85.38731,13
961,101.9916563,2.582939777,85.66563,13
962,101.9916784,2.583415885,83.29649,13
963,101.9916866,2.583005393,85.69785,13
964,101.9916966,2.582771343,82.90879,13
965,101.9916974,2.583337093,84.01524,13
966,101.9917015,2.583075402,85.96445,13
967,101.9917334,2.582706243,81.40098,13
968,101.9917339,2.583281552,84.74766,13
969,101.9917423,2.583402968,83.15098,13
970,101.9917465,2.582820427,83.05235,13
971,101.9917614,2.583324693,84.00938,13
972,101.9917673,2.582908002,84.09727,13
973,101.9917773,2.583203277,85.26426,13
974,101.9917891,2.58274861,81.37852,13
975,101.9918058,2.583240735,85.12656,13
976,101.9918078,2.583398318,83.09434,13
977,101.9918158,2.58283696,82.49766,13
978,101.9918163,2.582908518,83.90781,13
979,101.9918307,2.583335543,84.49863,13
980,101.9918484,2.583133527,86.40586,13
981,101.9918515,2.583003068,85.79649,13
982,101.991852,2.583295502,84.98789,13
983,101.9918731,2.58342286,83.19688,13
984,101.9918751,2.583194752,86.37949,13
985,101.9918852,2.583063518,86.62656,13
986,101.9918854,2.582834118,82.44883,13
987,101.9918947,2.58289121,83.80723,13
988,101.9919013,2.583341485,85.15586,13
989,101.9919047,2.583514827,82.01524,13
990,101.9919062,2.582966902,85.62559,13
991,101.9919109,2.583102785,87.63145,13
992,101.9919142,2.583029677,86.66856,13
993,101.991917,2.58326011,86.57774,13
994,101.9919283,2.582778318,81.22031,13
995,101.9919309,2.58346316,83.47813,13
996,101.991936,2.583373002,85.29746,13
997,101.9919373,2.583154193,87.99082,13
998,101.9919463,2.583544535,82.23301,13
999,101.9919504,2.583292918,86.63731,13
1000,101.991952,2.582869768,83.73594,13
1001,101.9919555,2.583214127,87.73301,13
1002,101.9919656,2.582937452,86.14805,13
1003,101.9919663,2.583427252,84.50449,13
1004,101.991972,2.583511468,83.38828,13
1005,101.99199,2.582774185,82.28086,13
1006,101.9920126,2.582831535,84.14414,13
1007,101.9918131,2.583057736,86.28965,13
1008,101.991853,2.582777945,81.1666,13
1009,101.9916683,2.582716013,82.74668,13
1010,101.9914349,2.582190351,77.49961,14
1011,101.991496,2.582231426,77.52598,14
1012,101.9915065,2.582352068,79.24766,14
1013,101.9915256,2.582682993,85.1041,14
1014,101.9915543,2.582268626,77.4957,14
1015,101.9915669,2.582389268,79.24082,14
1016,101.991572,2.582648635,82.90977,14
1017,101.9915795,2.582490276,81.00645,14
1018,101.991588,2.582449976,80.50156,14
1019,101.9916095,2.58230686,77.27598,14
1020,101.9916113,2.58252696,81.12363,14
1021,101.9916232,2.582431893,79.44981,14
1022,101.9916486,2.582590768,81.30527,14
1023,101.9916689,2.582352585,77.32285,14
1024,101.9916725,2.582482268,79.52793,14
1025,101.9916912,2.582656126,81.3082,14
1026,101.9917143,2.582542976,79.26817,14
1027,101.9917187,2.582405801,77.28867,14
1028,101.991756,2.582600843,79.45567,14
1029,101.9917652,2.582460568,77.30137,14
1030,101.9918007,2.582653285,79.44981,14
1031,101.9918107,2.582515851,77.42246,14
1032,101.9919168,2.582607301,78.10606,14
1033,101.9912124,2.582066868,77.10606,14
1034,101.9912489,2.582115693,77.57285,14
1035,101.9913131,2.582118276,77.43418,14
1036,101.9913478,2.582253643,79.16074,14
1037,101.9913789,2.582150568,77.4791,14
1038,101.991893,2.582494413,76.73399,14
1039,101.9918593,2.58256646,77.64902,14
1040,101.9913864,2.582271161,79.11973,14
1041,101.9914442,2.58231244,79.15391,14
1042,101.9918617,2.582697626,79.40879,14
1043,101.9914238,2.582921177,89.89512,15
1044,101.99143,2.58258121,84.77891,15
1045,101.9914326,2.582882168,89.34141,15
1046,101.9914338,2.583125002,90.60215,15
1047,101.99144,2.58305861,90.53867,15
1048,101.9914513,2.582843935,88.76035,15
1049,101.9914547,2.582673693,86.18223,15
1050,101.9914565,2.583000227,90.65781,15
1051,101.9914624,2.582752227,86.88438,15
1052,101.9914716,2.583356468,86.81992,15
1053,101.9914752,2.582975427,90.06895,15
1054,101.9914803,2.582546076,83.33164,15
1055,101.9914811,2.582626676,84.775,15
1056,101.9914873,2.583297827,87.11777,15
1057,101.9914891,2.582927118,89.23887,15
1058,101.9914922,2.58346161,85.45957,15
1059,101.9914981,2.583401418,85.76817,15
1060,101.9914999,2.582731818,86.29551,15
1061,101.9915009,2.583189585,89.01035,15
1062,101.9915019,2.582809577,86.90977,15
1063,101.9915137,2.583524127,84.1666,15
1064,101.9915243,2.583374293,85.91074,15
1065,101.9915289,2.582597485,83.14024,15
1066,101.991534,2.58299041,89.11582,15
1067,101.9915366,2.58325081,87.19395,15
1068,101.9915397,2.582869768,87.18027,15
1069,101.9915556,2.583052927,89.06699,15
1070,101.991569,2.583319268,85.77695,15
1071,101.9915728,2.58292996,87.01817,15
1072,101.9915844,2.583195527,87.23594,15
1073,101.9916137,2.582994543,87.0543,15
1074,101.9916206,2.583132752,87.21543,15
1075,101.9916322,2.583065068,87.1627,15
1076,101.9916601,2.583207668,85.6793,15
1077,101.9916928,2.583144893,85.92051,15
1078,101.9912343,2.58235956,81.2125,15
1079,101.9912348,2.582445326,82.72031,15
1080,101.9912384,2.582300918,80.08457,15
1081,101.9912433,2.582644501,85.90391,15
1082,101.9912435,2.58248666,83.57774,15
1083,101.9912492,2.582567518,84.98399,15
1084,101.9912535,2.582696685,86.62363,15
1085,101.9912635,2.582822493,87.73008,15
1086,101.9912677,2.58241691,82.9127,15
1087,101.9912746,2.582601101,86.07969,15
1088,101.9912748,2.582774185,87.7877,15
1089,101.9912844,2.582469351,83.87852,15
1090,101.9912887,2.58265716,86.83848,15
1091,101.9912985,2.58253161,85.13828,15
1092,101.9912992,2.582349485,80.99082,15
1093,101.9913003,2.582871318,88.81602,15
1094,101.9913021,2.582917043,88.59727,15
1095,101.9913036,2.582730526,88.11289,15
1096,101.9913203,2.582805443,88.98985,15
1097,101.991328,2.582996868,89.05137,15
1098,101.9913362,2.58242931,82.87461,15
1099,101.9913403,2.582593093,86.20371,15
1100,101.9913519,2.582484851,83.89121,15
1101,101.9913565,2.582932285,89.69395,15
1102,101.991363,2.582649151,86.81602,15
1103,101.991366,2.582545043,84.8961,15
1104,101.9913673,2.582857368,89.29942,15
1105,101.9913701,2.582377643,80.80235,15
1106,101.9913704,2.582728718,88.53477,15
1107,101.9913884,2.582805702,88.98203,15
1108,101.9913899,2.583081602,90.56113,15
1109,101.9913933,2.583008235,90.63438,15
1110,101.9913956,2.583138177,90.22422,15
1111,101.9913984,2.582467285,83.06602,15
1112,101.9914064,2.582623835,86.06699,15
1113,101.9914161,2.582405543,80.70078,15
1114,101.9914177,2.582766177,88.44883,15
1115,101.9914179,2.582692293,86.78574,15
1116,101.9914192,2.58321361,89.0416,15
1117,101.9914202,2.582510168,83.1168,15
1118,101.9914853,2.583061736,90.52988,15
1119,101.9914755,2.583106454,90.48985,15
1120,101.9915476,2.583124992,88.94102,15
1121,101.9914478,2.583215521,88.97617,15
1122,101.9916154,2.583263324,85.5377,15
1123,101.9914362,2.583541952,84.85801,16
1124,101.9914436,2.583623585,83.95078,16
1125,101.9914505,2.583719685,83.38145,16
1126,101.9906381,2.583505785,71.4791,16
1127,101.9907038,2.583534202,72.92539,16
1128,101.99074,2.58343371,72.76817,16
1129,101.990793,2.583389018,72.92832,16
1130,101.9907976,2.583502427,75.4,16
1131,101.9908027,2.583549185,74.93516,16
1132,101.9908425,2.583448693,75.50547,16
1133,101.9908495,2.583345618,72.49668,16
1134,101.9908592,2.58299971,71.7125,16
1135,101.9908777,2.583048535,70.81309,16
1136,101.9908877,2.58339806,75.68516,16
1137,101.9909026,2.583297827,72.44102,16
1138,101.9909217,2.583039235,73.23347,16
1139,101.9909414,2.583346652,75.83262,16
1140,101.9909468,2.58324151,72.71348,16
1141,101.9909484,2.583528518,79.37168,16
1142,101.990952,2.58310356,72.17051,16
1143,101.9909625,2.583172793,72.48692,16
1144,101.9909933,2.583294468,76.11875,16
1145,101.9909933,2.583393927,79.79942,16
1146,101.9909977,2.583028902,75.95078,16
1147,101.9910116,2.583561843,79.27207,16
1148,101.9910134,2.58326476,75.81895,16
1149,101.9910241,2.583220327,76.22617,16
1150,101.9910316,2.58308961,76.14121,16
1151,101.9910378,2.583340968,79.89317,16
1152,101.9910449,2.58316246,76.38047,16
1153,101.9910747,2.583438618,83.10899,16
1154,101.9910755,2.583278193,79.6666,16
1155,101.9910781,2.583585093,79.59336,16
1156,101.9910886,2.58351276,83.02695,16
1157,101.9910981,2.583073593,79.56992,16
1158,101.9910994,2.583207152,80.0709,16
1159,101.9911058,2.583377135,83.33945,16
1160,101.9911071,2.583143085,79.8834,16
1161,101.9911361,2.58330971,83.44981,16
1162,101.9911477,2.58361351,79.18711,16
1163,101.9911495,2.583550477,82.90391,16
1164,101.9911593,2.583242543,83.30137,16
1165,101.9911685,2.583104852,83.49375,16
1166,101.9911688,2.583424152,85.7252,16
1167,101.9911711,2.583175377,83.09824,16
1168,101.9911783,2.583348718,85.80137,16
1169,101.9911998,2.583485118,85.53086,16
1170,101.9912086,2.583645802,79.73106,16
1171,101.9912147,2.583581993,82.98496,16
1172,101.9912263,2.583338127,86.71738,16
1173,101.9912322,2.583264502,86.53184,16
1174,101.9912358,2.583406068,86.96152,16
1175,101.9912368,2.583049052,86.3043,16
1176,101.9912417,2.583121385,86.26524,16
1177,101.9912433,2.583665177,79.42735,16
1178,101.9912571,2.583529035,85.42149,16
1179,101.9912741,2.583042335,88.37461,16
1180,101.991279,2.583610152,83.27988,16
1181,101.9912851,2.583459027,86.96934,16
1182,101.9912951,2.583094777,88.45371,16
1183,101.9912964,2.583227043,88.42442,16
1184,101.9912969,2.583283877,88.25547,16
1185,101.9912985,2.583141277,88.4127,16
1186,101.9913098,2.583358277,88.3834,16
1187,101.9913234,2.583547635,85.48008,16
1188,101.9913252,2.58330351,88.19688,16
1189,101.9913308,2.583170985,89.12461,16
1190,101.9913421,2.583246935,88.76231,16
1191,101.9913463,2.583637277,83.52598,16
1192,101.9913558,2.583450243,87.00645,16
1193,101.991357,2.583354402,88.19883,16
1194,101.9913789,2.583603435,84.76719,16
1195,101.9913856,2.583728468,82.20176,16
1196,101.9913866,2.583414335,86.90684,16
1197,101.9913904,2.583520252,85.65293,16
1198,101.991401,2.58364761,83.79453,16
1199,101.991413,2.583469877,85.87168,16
1200,101.9906861,2.583484447,72.65684,16
1201,101.991239,2.58319237,86.34238,16
1202,101.9909502,2.583451699,79.07481,16
1203,101.9908317,2.581950876,76.54063,17
1204,101.9908441,2.581988851,76.92344,17
1205,101.9908685,2.582857627,75.85703,17
1206,101.9908687,2.58212241,76.76035,17
1207,101.9908723,2.582080043,76.93711,17
1208,101.9908746,2.581927626,76.35313,17
1209,101.9908806,2.582790718,75.62266,17
1210,101.9908983,2.582167101,76.69102,17
1211,101.9909057,2.582921693,76.00645,17
1212,101.9909121,2.582006418,76.92149,17
1213,101.9909214,2.582732335,75.58652,17
1214,101.9909283,2.582084176,77.1002,17
1215,101.9909461,2.581938735,76.20371,17
1216,101.9909545,2.58297026,75.67539,17
1217,101.9909671,2.582679635,76.05039,17
1218,101.9909769,2.58221851,76.83067,17
1219,101.9909779,2.582146435,77.09629,17
1220,101.9909805,2.58281371,79.81406,17
1221,101.990983,2.582017785,76.74668,17
1222,101.9909938,2.58288501,79.64121,17
1223,101.9909974,2.582093993,77.13047,17
1224,101.9910085,2.582283093,76.26524,17
1225,101.9910108,2.58274861,79.93906,17
1226,101.9910139,2.582620993,76.16953,17
1227,101.9910141,2.58196586,76.23008,17
1228,101.9910324,2.582949593,79.87754,17
1229,101.991036,2.582350776,75.84238,17
1230,101.9910414,2.582186993,77.34336,17
1231,101.991046,2.582563385,76.79453,17
1232,101.9910485,2.582689193,79.92637,17
1233,101.9910545,2.582417426,76.04356,17
1234,101.9910552,2.581992468,76.15684,17
1235,101.9910573,2.58226036,77.72617,17
1236,101.9910606,2.582487951,76.79063,17
1237,101.9910676,2.583006943,79.64805,17
1238,101.9910853,2.582624351,80.01133,17
1239,101.991086,2.582134293,77.49766,17
1240,101.9910909,2.582312543,78.57676,17
1241,101.9910914,2.582073326,76.87754,17
1242,101.991094,2.582238401,78.33262,17
1243,101.9910943,2.58282611,83.38438,17
1244,101.9911063,2.582755843,83.32969,17
1245,101.9911074,2.582898702,83.47324,17
1246,101.9911256,2.58248821,80.22813,17
1247,101.9911282,2.582135326,77.52012,17
1248,101.9911289,2.582418718,79.72129,17
1249,101.9911307,2.582964318,83.1168,17
1250,101.9911313,2.582685835,82.93125,17
1251,101.9911315,2.582199393,78.30625,17
1252,101.9911408,2.582339668,79.98106,17
1253,101.9911526,2.58229291,79.75547,17
1254,101.9911526,2.583032777,83.17539,17
1255,101.9911533,2.582620993,82.87559,17
1256,101.9911608,2.582481493,82.06602,17
1257,101.9911667,2.58257036,82.9918,17
1258,101.9911718,2.582704176,85.01328,17
1259,101.9911844,2.582766952,86.46445,17
1260,101.9911911,2.582836702,86.53867,17
1261,101.9912075,2.582908777,86.39902,17
1262,101.9912245,2.582979302,86.3961,17
1263,101.9910504,2.582039883,76.7291,17
1264,101.9911112,2.582559266,80.44764,17
